{"cameraMode":{"drawMode":0,"name":"Shaded","section":"Shading Mode"},"sceneLighting":true,"audioPlay":false,"sceneViewState":{"showFog":true,"showMaterialUpdate":false,"showSkybox":true,"showFlares":true,"showImageEffects":true,"showParticleSystems":true},"in2DMode":false,"pivot":{"x":1.2415835857391358,"y":-0.30530524253845217,"z":3.8948938846588136},"rotation":{"x":0.3166886866092682,"y":-0.2573249936103821,"z":0.08969538658857346,"w":0.9085429310798645},"size":2.5244522094726564,"orthographic":false}