{"cameraMode":{"drawMode":0,"name":"Shaded","section":"Shading Mode"},"sceneLighting":false,"audioPlay":false,"sceneViewState":{"showFog":true,"showMaterialUpdate":false,"showSkybox":false,"showFlares":true,"showImageEffects":true,"showParticleSystems":true},"in2DMode":false,"pivot":{"x":0.02193267270922661,"y":0.0010947119444608689,"z":0.12003304064273834},"rotation":{"x":0.2526424825191498,"y":0.11864837259054184,"z":-0.031232688575983049,"w":0.9597505331039429},"size":-0.08448123931884766,"orthographic":false}